Security Code,Issuer Name,Security Id,Security Name,Status,Group,Face Value,ISIN No,Industry,Instrument
509077,,PRESSMN,Pressman Advertising Limited,Active,B ,2,INE980A01023,Advertising & Media,Equity
526441,,VISIONCINE,VISION CINEMAS LTD.,Active,X ,1,INE515B01025,Advertising & Media,Equity
531259,,ESHAMEDIA,Esha Media Research Limited,Active,XT,10,INE328F01016,Advertising & Media,Equity
531637,,PRAVEG,Praveg Communications (India) Ltd,Active,X ,10,INE722B01019,Advertising & Media,Equity
532798,,NETWORK18,NETWORK18 MEDIA & INVESTMENTS LTD.,Active,A ,5,INE870H01013,Advertising & Media,Equity
539310,,THINKINK,Thinkink Picturez Ltd,Active,B ,5,INE365S01037,Advertising & Media,Equity
540789,,DNAMEDIA,Diligent Media Corporation Ltd,Active,B ,1,INE016M01021,Advertising & Media,Equity
541799,,SMEL,Sungold Media and Entertainment Ltd,Active,M ,10,INE266S01011,Advertising & Media,Equity
542752,,AFFLE,Affle (India) Ltd,Active,B ,10,INE00WC01019,Advertising & Media,Equity
500112,,SBIN,STATE BANK OF INDIA,Active,A ,1,INE062A01020,Banks,Equity
500116,,IDBI,IDBI BANK LTD.,Active,A ,10,INE008A01015,Banks,Equity
500180,,HDFCBANK,HDFC Bank Ltd,Active,A ,1,INE040A01034,Banks,Equity
500247,,KOTAKBANK,KOTAK MAHINDRA BANK LTD.,Active,A ,5,INE237A01028,Banks,Equity
500469,,FEDERALBNK,FEDERAL BANK LTD.,Active,A ,2,INE171A01029,Banks,Equity
532134,,BANKBARODA,BANK OF BARODA,Active,A ,2,INE028A01039,Banks,Equity
532149,,BANKINDIA,BANK OF INDIA,Active,A ,10,INE084A01016,Banks,Equity
532174,,ICICIBANK,ICICI BANK LTD.,Active,A ,2,INE090A01021,Banks,Equity
532180,,DHANBANK,Dhanlaxmi Bank Limited,Active,B ,10,INE680A01011,Banks,Equity
532187,,INDUSINDBK,INDUSIND BANK LTD.,Active,A ,10,INE095A01012,Banks,Equity
532209,,J&KBANK,JAMMU & KASHMIR BANK LTD.,Active,A ,1,INE168A01041,Banks,Equity
532210,,CUB,CITY UNION BANK LTD.,Active,A ,1,INE491A01021,Banks,Equity
532215,,AXISBANK,AXIS BANK LTD.,Active,A ,2,INE238A01034,Banks,Equity
532218,,SOUTHBANK,SOUTH INDIAN BANK LTD.,Active,A ,1,INE683A01023,Banks,Equity
532388,,IOB,INDIAN OVERSEAS BANK,Active,A ,10,INE565A01014,Banks,Equity
532461,,PNB,PUNJAB NATIONAL BANK,Active,A ,2,INE160A01022,Banks,Equity
532477,,UNIONBANK,UNION BANK OF INDIA,Active,A ,10,INE692A01016,Banks,Equity
532483,,CANBK,CANARA BANK,Active,A ,10,INE476A01014,Banks,Equity
532505,,UCOBANK,UCO BANK,Active,A ,10,INE691A01018,Banks,Equity
532525,,MAHABANK,BANK OF MAHARASHTRA,Active,A ,10,INE457A01014,Banks,Equity
532648,,YESBANK,YES BANK LTD.,Active,A ,2,INE528G01035,Banks,Equity
532652,,KTKBANK,KARNATAKA BANK LTD.,Active,A ,10,INE614B01018,Banks,Equity
532772,,DCBBANK,DCB Bank Limited,Active,A ,10,INE503A01015,Banks,Equity
532814,,INDIANB,INDIAN BANK,Active,A ,10,INE562A01011,Banks,Equity
532885,,CENTRALBK,CENTRAL BANK OF INDIA,Active,A ,10,INE483A01010,Banks,Equity
533295,,PSB,PUNJAB & SIND BANK,Active,B ,10,INE608A01012,Banks,Equity
539437,,IDFCFIRSTB,IDFC First Bank Ltd,Active,A ,10,INE092T01019,Banks,Equity
540065,,RBLBANK,RBL Bank Ltd,Active,A ,10,INE976G01028,Banks,Equity
540611,,AUBANK,AU Small Finance Bank Ltd,Active,A ,10,INE949L01017,Banks,Equity
541153,,BANDHANBNK,Bandhan Bank Ltd,Active,A ,10,INE545U01014,Banks,Equity
542867,,CSBBANK,CSB Bank Ltd,Active,B ,10,INE679A01013,Banks,Equity
542904,,UJJIVANSFB,Ujjivan Small Finance Bank Ltd,Active,B ,10,INE551W01018,Banks,Equity
543243,,EQUITASBNK,Equitas Small Finance Bank Ltd,Active,B ,10,INE063P01018,Banks,Equity
590003,,KARURVYSYA,KARUR VYSYA BANK LTD.,Active,B ,2,INE036D01028,Banks,Equity
507155,,JAGAJITIND,JAGATJIT INDUSTRIES LTD.,Active,XT,10,INE574A01016,Breweries & Distilleries,Equity
507205,,TI,TILAKNAGAR INDUSTRIES LTD.-$,Active,B ,10,INE133E01013,Breweries & Distilleries,Equity
507435,,KHODAY,KHODAY INDIA LTD.-$,Active,XT,10,INE687B01014,Breweries & Distilleries,Equity
507438,,IFBAGRO,IFB AGRO INDUSTRIES LTD.,Active,B ,10,INE076C01018,Breweries & Distilleries,Equity
507488,,GMBREW,G.M.BREWERIES LTD.,Active,B ,10,INE075D01018,Breweries & Distilleries,Equity
507514,,SDBL,SOM DISTILLERIES & BREWERIES LTD.,Active,B ,5,INE480C01020,Breweries & Distilleries,Equity
507522,,MOUNTSHIQ,MOUNT SHIVALIK INDUSTRIES LTD.-$,Active,Z ,10,INE410C01019,Breweries & Distilleries,Equity
507526,,ASALCBR,ASSOCIATED ALCOHOLS & BREWERIES LTD.,Active,B ,10,INE073G01016,Breweries & Distilleries,Equity
526471,,WINSOMBR,WINSOME BREWERIES LTD.,Active,XT,10,INE391C01011,Breweries & Distilleries,Equity
531635,,SILVOAK,SILVER OAK (INDIA) LTD.,Active,XT,10,INE870J01019,Breweries & Distilleries,Equity
531879,,PIONDIST,PIONEER DISTILLERIES LTD.,Active,B ,10,INE889E01010,Breweries & Distilleries,Equity
532432,,UNITDSPR,UNITED SPIRITS LTD.,Active,B ,2,INE854D01024,Breweries & Distilleries,Equity
532478,,UBL,UNITED BREWERIES LTD.-$,Active,A ,1,INE686F01025,Breweries & Distilleries,Equity
532497,,RADICO,RADICO KHAITAN LTD.,Active,A ,2,INE944F01028,Breweries & Distilleries,Equity
533104,,GLOBUSSPR,GLOBUS SPIRITS LTD.,Active,B ,10,INE615I01010,Breweries & Distilleries,Equity
533294,,RKDL,RAVI KUMAR DISTILLERIES LTD.,Active,B ,10,INE722J01012,Breweries & Distilleries,Equity
500189,,NXTDIGITAL,Nxtdigital Ltd,Active,B ,10,INE353A01023,Broadcasting & Cable TV,Equity
503691,,SAHARA,SAHARA ONE MEDIA & ENTERTAINMENT LTD.-$,Active,X ,10,INE479B01016,Broadcasting & Cable TV,Equity
505537,,ZEEL,ZEE ENTERTAINMENT ENTERPRISES LTD.,Active,A ,1,INE256A01028,Broadcasting & Cable TV,Equity
509073,,HATHWAYB,HATHWAY BHAWANI CABLETEL & DATACOM LTD.,Active,XT,10,INE525B01016,Broadcasting & Cable TV,Equity
521062,,OCTAVE,Perfect-Octave Media Projects Ltd,Active,X ,10,INE814L01013,Broadcasting & Cable TV,Equity
532033,,JAINSTUDIO,JAIN STUDIOS LTD.,Active,Z ,10,INE486B01011,Broadcasting & Cable TV,Equity
532382,,BALAJITELE,BALAJI TELEFILMS LTD.,Active,B ,2,INE794B01026,Broadcasting & Cable TV,Equity
532507,,BAGFILMS,B.A.G.FILMS & MEDIA LTD.,Active,B ,2,INE116D01028,Broadcasting & Cable TV,Equity
532515,,TVTODAY,TV TODAY NETWORK LTD.,Active,A ,5,INE038F01029,Broadcasting & Cable TV,Equity
532529,,NDTV,NEW DELHI TELEVISION LTD.,Active,B ,4,INE155G01029,Broadcasting & Cable TV,Equity
532700,,ENIL,ENTERTAINMENT NETWORK (INDIA) LTD.,Active,B ,10,INE265F01028,Broadcasting & Cable TV,Equity
532733,,SUNTV,SUN TV NETWORK LTD.,Active,A ,5,INE424H01027,Broadcasting & Cable TV,Equity
532794,,ZEEMEDIA,Zee Media Corporation Limited,Active,B ,1,INE966H01019,Broadcasting & Cable TV,Equity
532795,,SITINET,Siti Networks Ltd,Active,T ,1,INE965H01011,Broadcasting & Cable TV,Equity
532800,,TV18BRDCST,TV18 BROADCAST LTD.,Active,A ,2,INE886H01027,Broadcasting & Cable TV,Equity
532826,,RAJTV,RAJ TELEVISION NETWORK LTD.,Active,B ,5,INE952H01027,Broadcasting & Cable TV,Equity
532839,,DISHTV,DISH TV INDIA LTD.,Active,A ,1,INE836F01026,Broadcasting & Cable TV,Equity
533137,,DEN,Den Networks Ltd,Active,B ,10,INE947J01015,Broadcasting & Cable TV,Equity
533162,,HATHWAY,Hathway Cable & Datacom Ltd,Active,A ,2,INE982F01036,Broadcasting & Cable TV,Equity
533268,,SEATV,SEA TV NETWORK LTD.,Active,X ,10,INE351L01016,Broadcasting & Cable TV,Equity
539015,,ORTEL,Ortel Communications Ltd,Active,Z ,10,INE849L01019,Broadcasting & Cable TV,Equity
539141,,UFO,UFO Moviez India Ltd,Active,B ,10,INE527H01019,Broadcasting & Cable TV,Equity
540023,,COLORCHIPS,Colorchips New Media Ltd,Active,X ,10,INE621I01026,Broadcasting & Cable TV,Equity
540083,,TVVISION,TV Vision Ltd,Active,B ,10,INE871L01013,Broadcasting & Cable TV,Equity
540366,,RADIOCITY,Music Broadcast Ltd,Active,T ,2,INE919I01024,Broadcasting & Cable TV,Equity
540821,,SADHNA,Sadhna Broadcast Ltd,Active,X ,10,INE994R01010,Broadcasting & Cable TV,Equity
500151,,GOLDENTOBC,GOLDEN TOBACCO LTD.,Active,B ,10,INE973A01010,Cigarettes-Tobacco Products,Equity
500163,,GODFRYPHLP,GODFREY PHILLIPS INDIA LTD.,Active,A ,2,INE260B01028,Cigarettes-Tobacco Products,Equity
500875,,ITC,ITC LTD.,Active,A ,1,INE154A01025,Cigarettes-Tobacco Products,Equity
509887,,SINNAR,SINNAR BIDI UDYOG LTD.,Active,XT,5,INE896E01023,Cigarettes-Tobacco Products,Equity
509966,,VSTIND,VST INDUSTRIES LTD.,Active,A ,10,INE710A01016,Cigarettes-Tobacco Products,Equity
526723,,NTCIND,NTC INDUSTRIES LTD.,Active,X ,10,INE920C01017,Cigarettes-Tobacco Products,Equity
526813,,RAGHUNAT,RAGHUNATH INTERNATIONAL LTD.,Active,XT,10,INE753B01014,Cigarettes-Tobacco Products,Equity
500049,,BEL,BHARAT ELECTRONICS LTD.,Active,A ,1,INE263A01024,Defence,Equity
523606,,SIKA,SIKA INTERPLANT SYSTEMS LTD.,Active,X ,10,INE438E01016,Defence,Equity
532493,,ASTRAMICRO,ASTRA MICROWAVE PRODUCTS LTD.,Active,B ,2,INE386C01029,Defence,Equity
533107,,RNAVAL,Reliance Naval and Engineering Ltd,Active,B ,10,INE542F01012,Defence,Equity
533339,,ZENTEC,ZEN TECHNOLOGIES LTD.,Active,B ,1,INE251B01027,Defence,Equity
540879,,APOLLO,Apollo Micro Systems Ltd,Active,B ,10,INE713T01010,Defence,Equity
541143,,BDL,Bharat Dynamics Ltd,Active,A ,10,INE171Z01018,Defence,Equity
543237,,MAZDOCK,Mazagon Dock Shipbuilders Ltd,Active,B ,10,INE249Z01012,Defence,Equity
500014,,UTIQUE,Utique Enterprises Ltd,Active,X ,10,INE096A01010,Finance (including NBFCs),Equity
500034,,BAJFINANCE,Bajaj Finance Limited,Active,A ,2,INE296A01024,Finance (including NBFCs),Equity
500111,,RELCAPITAL,RELIANCE CAPITAL LTD.,Active,B ,10,INE013A01015,Finance (including NBFCs),Equity
500142,,FGP,FGP LTD.,Active,X ,10,INE512A01016,Finance (including NBFCs),Equity
500174,,GLFL,GUJARAT LEASE FINANCING LTD.,Active,B ,10,INE540A01017,Finance (including NBFCs),Equity
500202,,INDLEASE,INDIA LEASE DEVELOPMENT LTD.,Active,X ,10,INE333C01013,Finance (including NBFCs),Equity
500206,,MARGOFIN,Margo Finance Limited,Active,X ,10,INE680B01019,Finance (including NBFCs),Equity
500212,,IFSL,INTEGRATED FINANCIAL SERVICES LTD.,Active,XT,10,INE898B01017,Finance (including NBFCs),Equity
500306,,JAYKAY,JAYKAY ENTERPRISES LTD.,Active,X ,1,INE903A01025,Finance (including NBFCs),Equity
500358,,RAMAPETRO,RAMA PETROCHEMICALS LTD.,Active,X ,10,INE783A01013,Finance (including NBFCs),Equity
500439,,VHL,VARDHMAN HOLDINGS LTD.,Active,B ,10,INE701A01023,Finance (including NBFCs),Equity
501242,,TCIFINANCE,TCI FINANCE LTD.,Active,B ,10,INE911B01018,Finance (including NBFCs),Equity
501295,,IITL,INDUSTRIAL INVESTMENT TRUST LTD.,Active,B ,10,INE886A01014,Finance (including NBFCs),Equity
501311,,JAYBHCR,JAYABHARAT CREDIT LTD.-$,Active,XT,10,INE998D01011,Finance (including NBFCs),Equity
501343,,MOTOGENFIN,MOTOR & GENERAL FINANCE LTD.,Active,T ,5,INE861B01023,Finance (including NBFCs),Equity
501700,,INDIANVSH,INDIANIVESH LTD.,Active,X ,1,INE131H01028,Finance (including NBFCs),Equity
501945,,DHENUBUILD,DHENU BUILDCON INFRA LTD.,Active,X ,1,INE758D01027,Finance (including NBFCs),Equity
504180,,STDBAT,STANDARD BATTERIES LTD.,Active,X ,1,INE502C01039,Finance (including NBFCs),Equity
505216,,ALFREDHE,ALFRED HERBERT (INDIA) LTD.,Active,X ,10,INE782D01027,Finance (including NBFCs),Equity
505576,,GOLDCORP,Goldcrest Corporation Limited,Active,X ,10,INE505D01014,Finance (including NBFCs),Equity
505850,,MANCREDIT,MANGAL CREDIT AND FINCORP LTD.,Active,X ,10,INE545L01039,Finance (including NBFCs),Equity
506161,,ISHWATR,ISHWARSHAKTI HOLDINGS & TRADERS LTD.,Active,XT,10,INE073I01012,Finance (including NBFCs),Equity
507938,,MNPLFIN,MANIPAL FINANCE CORPORATION LTD.,Active,P ,10,INE798E01013,Finance (including NBFCs),Equity
507948,,KEYCORP,KEY CORP LTD.,Active,XT,10,INE130F01016,Finance (including NBFCs),Equity
507952,,SHIKHARLETR,SHIKHAR LEASING & TRADING LTD.,Active,XT,10,INE02BV01019,Finance (including NBFCs),Equity
507962,,RAJATH,Rajath Finance Limited,Active,X ,10,INE455H01013,Finance (including NBFCs),Equity
507987,,JPTRLES,JUPITER INDUSTRIES & LEASING LTD.,Active,P ,10,INE990E01016,Finance (including NBFCs),Equity
508954,,FINKURVE,Finkurve Financial Services Ltd,Active,X ,1,INE734I01027,Finance (including NBFCs),Equity
508956,,HBLEAS,HB LEASING & FINANCE CO.LTD.,Active,XT,10,INE549B01016,Finance (including NBFCs),Equity
508961,,SHRICON,SHRICON INDUSTRIES LTD.,Active,XT,10,INE753D01010,Finance (including NBFCs),Equity
508963,,STRLGUA,STERLING GUARANTY & FINANCE LTD.,Active,XT,10,INE668Y01016,Finance (including NBFCs),Equity
508969,,SULABEN,SULABH ENGINEERS & SERVICES LTD.,Active,XT,1,INE673M01029,Finance (including NBFCs),Equity
509038,,VOLLF,VOLTAIRE LEASING & FINANCE LTD.,Active,Z ,10,INE763D01019,Finance (including NBFCs),Equity
509470,,BOMOXY-B1,Bombay Oxygen Investments Ltd,Active,X ,100,INE01TL01014,Finance (including NBFCs),Equity
511000,,MADHUSE,MADHUSUDAN SECURITIES LTD.,Active,XT,10,INE856D01011,Finance (including NBFCs),Equity
511066,,SAKTHIFIN,SAKTHI FINANCE LTD.,Active,X ,10,INE302E01014,Finance (including NBFCs),Equity
511074,,WEIZFIN,WEIZMANN FINCORP LTD.,Active,Z ,10,INE407F01018,Finance (including NBFCs),Equity
511122,,1STCUS,FIRST CUSTODIAN FUND (INDIA) LTD.,Active,XT,10,INE609B01018,Finance (including NBFCs),Equity
511147,,WSFIN,WALL STREET FINANCE LTD.,Active,X ,10,INE549D01012,Finance (including NBFCs),Equity
511218,,SRTRANSFIN,SHRIRAM TRANSPORT FINANCE CO.LTD.,Active,A ,10,INE721A01013,Finance (including NBFCs),Equity
511243,,CHOLAFIN,Cholamandalam Investment and Finance Company Ltd,Active,A ,2,INE121A01024,Finance (including NBFCs),Equity
511254,,SAGARSYST,SAGAR SYSTECH LTD.,Active,P ,10,INE771Z01015,Finance (including NBFCs),Equity
511355,,INDCEMCAP,INDIA CEMENTS CAPITAL LTD.,Active,XT,10,INE429D01017,Finance (including NBFCs),Equity
511359,,ADMANUM,AD-MANUM FINANCE LTD.,Active,X ,10,INE556D01017,Finance (including NBFCs),Equity
511367,,MEGLON,MEGLON INFRA-REAL (INDIA) LTD.,Active,X ,10,INE218B01018,Finance (including NBFCs),Equity
511377,,MEHIF,MEHTA INTEGRATED FINANCE LTD.,Active,XT,10,INE240B01012,Finance (including NBFCs),Equity
511391,,INTRGLB,INTER GLOBE FINANCE LTD.,Active,X ,10,INE661M01016,Finance (including NBFCs),Equity
511413,,CREST,CREST VENTURES LIMITED,Active,B ,10,INE559D01011,Finance (including NBFCs),Equity
511451,,DHARFIN,DHARANI FINANCE LTD.,Active,X ,10,INE899D01011,Finance (including NBFCs),Equity
511505,,CAPITALT,CAPITAL TRUST LTD.,Active,B ,10,INE707C01018,Finance (including NBFCs),Equity
511507,,USHAKIRA,USHAKIRAN FINANCE LTD.,Active,XT,10,INE697C01011,Finance (including NBFCs),Equity
511543,,GSBFIN,GSB FINANCE LTD.,Active,X ,10,INE777C01011,Finance (including NBFCs),Equity
511549,,MORARKFI,MORARKA FINANCE LTD.,Active,X ,10,INE367A01015,Finance (including NBFCs),Equity
511559,,TIMESGTY,TIMES GUARANTY LTD.,Active,B ,10,INE289C01025,Finance (including NBFCs),Equity
511571,,SODFC,SOM DATT FINANCE CORPORATION LTD.,Active,X ,10,INE754C01010,Finance (including NBFCs),Equity
511577,,SAVFI,SAVANI FINANCIALS LTD.,Active,XT,10,INE304E01010,Finance (including NBFCs),Equity
511585,,REGTRUS,REGENCY TRUST LTD.,Active,XT,1,INE425F01028,Finance (including NBFCs),Equity
511589,,AVONMORE,Avonmore Capital & Management Services Limited,Active,X ,10,INE323B01016,Finance (including NBFCs),Equity
511593,,LIBORDFIN,Libord Finance Ltd,Active,X ,10,INE212B01011,Finance (including NBFCs),Equity
511597,,PALSOFT,PALSOFT INFOSYSTEMS LTD.,Active,XT,10,INE969B01016,Finance (including NBFCs),Equity
511609,,ISLCONSUL,ISL CONSULTING LTD.,Active,X ,5,INE569B01022,Finance (including NBFCs),Equity
511611,,DCMFINSERV,DCM FINANCIAL SERVICES LTD.,Active,B ,10,INE891B01012,Finance (including NBFCs),Equity
511626,,RRFIN,RR FINANCIAL CONSULTANTS LTD.,Active,Z ,10,INE229D01011,Finance (including NBFCs),Equity
511628,,IMCAP,IM+ Capitals Limited,Active,X ,10,INE417D01012,Finance (including NBFCs),Equity
511654,,SUGALDAM,SUGAL & DAMANI SHARE BROKERS LTD.,Active,X ,10,INE309D01011,Finance (including NBFCs),Equity
511688,,MATHEWE,MATHEW EASOW RESEARCH SECURITIES LTD.,Active,X ,10,INE963B01019,Finance (including NBFCs),Equity
511700,,STANCAP,STANDARD CAPITAL MARKETS LTD.,Active,XT,10,INE625D01010,Finance (including NBFCs),Equity
511702,,PARSHINV,PARSHARTI INVESTMENT LTD.,Active,X ,10,INE290E01011,Finance (including NBFCs),Equity
511710,,CUBIFIN,CUBICAL FINANCIAL SERVICES LTD.,Active,XT,2,INE717D01023,Finance (including NBFCs),Equity
511716,,ESCORTSFIN,ESCORTS FINANCE LTD.,Active,XT,10,INE359A01012,Finance (including NBFCs),Equity
511724,,BALFC,BAID LEASING AND FINANCE CO.LTD.,Active,X ,10,INE020D01014,Finance (including NBFCs),Equity
511728,,KZLFIN,K.Z.LEASING & FINANCE LTD.,Active,X ,10,INE006C01015,Finance (including NBFCs),Equity
511730,,TRCFIN,TRC FINANCIAL SERVICES LTD.,Active,X ,10,INE759D01017,Finance (including NBFCs),Equity
511742,,UGROCAP,Ugro Capital Ltd,Active,X ,10,INE583D01011,Finance (including NBFCs),Equity
511754,,SAHLIBHFI,SHALIBHADRA FINANCE LTD.,Active,X ,10,INE861D01011,Finance (including NBFCs),Equity
511756,,ABIRAFN,ABIRAMI FINANCIAL SERVICES (INDIA) LTD.,Active,Z ,10,INE195I01013,Finance (including NBFCs),Equity
511758,,MANSIFIN,MANSI FINANCE (CHENNAI) LTD.,Active,XT,10,INE094E01017,Finance (including NBFCs),Equity
511760,,SEVENHILL,Seven Hill Industries Limited,Active,X ,10,INE518D01017,Finance (including NBFCs),Equity
511764,,UPASAFN,UPASANA FINANCE LTD.,Active,XT,10,INE819K01014,Finance (including NBFCs),Equity
511766,,MUTHTFN,MUTHOOT CAPITAL SERVICES LTD.,Active,B ,10,INE296G01013,Finance (including NBFCs),Equity
511768,,MASTERTR,MASTER TRUST LTD.,Active,X ,5,INE677D01029,Finance (including NBFCs),Equity
512020,,ZSARACOM,SARASWATI COMMERCIAL (INDIA) LTD.,Active,X ,10,INE967G01019,Finance (including NBFCs),Equity
512065,,MRUTR,MRUGESH TRADING LTD.,Active,XT,10,INE738D01011,Finance (including NBFCs),Equity
512197,,SILVERO,SILVER OAK COMMERCIAL LTD.,Active,Z ,10,INE798C01017,Finance (including NBFCs),Equity
512217,,PRISMMEDI,PRISM MEDICO AND PHARMACY LTD.,Active,X ,10,INE730E01016,Finance (including NBFCs),Equity
512221,,SPVGLOBAL,SPV Global Trading Ltd,Active,P ,10,INE177E01010,Finance (including NBFCs),Equity
512463,,SHRGLTR,SHREE GLOBAL TRADEFIN LTD.,Active,X ,1,INE080I01025,Finance (including NBFCs),Equity
512481,,POLYTEX,POLYTEX INDIA LTD.,Active,X ,10,INE012F01016,Finance (including NBFCs),Equity
512489,,OASISEC,OASIS SECURITIES LTD.,Active,X ,10,INE876A01015,Finance (including NBFCs),Equity
512597,,KEYFINSER,Keynote Financial Services Ltd,Active,B ,10,INE681C01015,Finance (including NBFCs),Equity
519214,,WILLIMFI,WILLIAMSON FINANCIAL SERVICES LTD.,Active,X ,10,INE188E01017,Finance (including NBFCs),Equity
519224,,WILLAMAGOR,WILLIAMSON MAGOR & COMPANY LTD.,Active,B ,10,INE210A01017,Finance (including NBFCs),Equity
523062,,JJFINCOR,J.J.FINANCE CORPORATION LTD.,Active,XT,10,INE584C01011,Finance (including NBFCs),Equity
523113,,FUTURSEC,FUTURISTIC SECURITIES LTD.,Active,XT,10,INE425D01015,Finance (including NBFCs),Equity
523343,,MICROSE,MICROSE INDIA LTD.,Active,XT,10,INE809F01015,Finance (including NBFCs),Equity
523384,,MAHAPEXLTD,MAHA RASHTRA APEX CORPORATION LTD.,Active,T ,10,INE843B01013,Finance (including NBFCs),Equity
523756,,SREINFRA,SREI INFRASTRUCTURE FINANCE LTD.,Active,B ,10,INE872A01014,Finance (including NBFCs),Equity
523862,,PIFL,Pacheli Industrial Finance Ltd,Active,XT,10,INE926B01016,Finance (including NBFCs),Equity
524000,,MAGMA,MAGMA FINCORP LTD.,Active,A ,2,INE511C01022,Finance (including NBFCs),Equity
526237,,MORGAN,MORGAN VENTURES LTD.,Active,X ,10,INE902C01015,Finance (including NBFCs),Equity
526859,,ISFL,ISF LIMITED,Active,XT,1,INE973B01026,Finance (including NBFCs),Equity
526887,,INDOCRED,INDO CREDIT CAPITAL LTD.,Active,XT,10,INE147D01015,Finance (including NBFCs),Equity
526961,,TRANSFIN,TRANS FINANCIAL RESOURCES LTD.,Active,XT,10,INE404B01014,Finance (including NBFCs),Equity
530023,,THEINVEST,The Investment Trust Of India Ltd,Active,B ,10,INE924D01017,Finance (including NBFCs),Equity
530045,,TITANSEC,TITAN SECURITIES LTD.,Active,XT,10,INE090D01017,Finance (including NBFCs),Equity
530067,,CSLFINANCE,CSL Finance Ltd,Active,X ,10,INE718F01018,Finance (including NBFCs),Equity
530109,,ANUPAM,Anupam Finserv Ltd,Active,X ,10,INE069B01015,Finance (including NBFCs),Equity
530139,,KREONFIN,KREON FINNANCIAL SERVICES LTD.,Active,XT,10,INE302C01018,Finance (including NBFCs),Equity
530167,,MONGIPA,MOONGIPA CAPITAL FINANCE LTD.,Active,XT,10,INE153K01018,Finance (including NBFCs),Equity
530187,,ATHARVENT,ATHARV ENTERPRISES LTD.,Active,XT,10,INE354E01031,Finance (including NBFCs),Equity
530235,,KJMCFIN,KJMC FINANCIAL SERVICES LTD.,Active,X ,10,INE533C01018,Finance (including NBFCs),Equity
530245,,ARYAMAN,ARYAMAN FINANCIAL SERVICES LTD.,Active,X ,10,INE032E01017,Finance (including NBFCs),Equity
530263,,GLOBALCA,GLOBAL CAPITAL MARKETS LTD.,Active,Z ,10,INE062C01034,Finance (including NBFCs),Equity
530407,,EPIC,EPIC ENERGY LTD.-$,Active,XT,10,INE932F01015,Finance (including NBFCs),Equity
530439,,SIDDHA,SIDDHA VENTURES LTD.,Active,X ,10,INE140C01012,Finance (including NBFCs),Equity
530469,,GSLSEC,GSL SECURITIES LTD.,Active,X ,10,INE721D01017,Finance (including NBFCs),Equity
530499,,AKCAPIT,A.K.CAPITAL SERVICES LTD.,Active,X ,10,INE701G01012,Finance (including NBFCs),Equity
530577,,LADDERUP,LADDERUP FINANCE LTD.,Active,X ,10,INE519D01015,Finance (including NBFCs),Equity
530579,,UYFINCORP,U. Y. Fincorp Ltd,Active,X ,5,INE152C01025,Finance (including NBFCs),Equity
530601,,JAGSONFI,JAGSONPAL FINANCE & LEASING LTD.,Active,XT,10,INE582C01015,Finance (including NBFCs),Equity
530709,,GOWRALE,GOWRA LEASING & FINANCE LTD.,Active,XT,10,INE225G01012,Finance (including NBFCs),Equity
530747,,INDOASIAF,INDO ASIAN FINANCE LTD.,Active,X ,10,INE807A01010,Finance (including NBFCs),Equity
530765,,DEVKI,DEVKI LEASING & FINANCE LTD.,Active,X ,10,INE510B01018,Finance (including NBFCs),Equity
530771,,KLGCAP,KLG CAPITAL SERVICES LTD.,Active,X ,10,INE929C01018,Finance (including NBFCs),Equity
530779,,DYNAMICP,DYNAMIC PORTFOLIO MANAGEMENT & SERVICES LTD.,Active,X ,10,INE118C01018,Finance (including NBFCs),Equity
530789,,CEEJAY,CEEJAY FINANCE LTD.,Active,X ,10,INE358C01010,Finance (including NBFCs),Equity
530799,,ANNAINFRA,ANNA INFRASTRUCTURES LTD.,Active,X ,10,INE336D01014,Finance (including NBFCs),Equity
530829,,CILSEC,CIL SECURITIES LTD.,Active,X ,10,INE830A01012,Finance (including NBFCs),Equity
530855,,GDLLEAS,GDL LEASING & FINANCE LTD.,Active,XT,10,INE545E01018,Finance (including NBFCs),Equity
530879,,CIFL,Capital India Finance Ltd,Active,X ,10,INE345H01016,Finance (including NBFCs),Equity
530905,,SAINDUS,SAI INDUSTRIES LTD.,Active,P ,10,INE213S01013,Finance (including NBFCs),Equity
530925,,RAMSONS,RAMSONS PROJECTS LTD.,Active,XT,10,INE609D01014,Finance (including NBFCs),Equity
530985,,JPTSEC,JPT SECURITIES LTD.,Active,XT,10,INE630C01012,Finance (including NBFCs),Equity
531003,,SWRNASE,SWARNA SECURITIES LTD.,Active,X ,10,INE595G01018,Finance (including NBFCs),Equity
531033,,REGAL,REGAL ENTERTAINMENT & CONSULTANTS LTD.,Active,X ,10,INE101E01010,Finance (including NBFCs),Equity
531051,,VINTAGES,VINTAGE SECURITIES LTD.,Active,X ,10,INE153C01015,Finance (including NBFCs),Equity
531067,,CONTILI,CONTIL INDIA LTD.,Active,X ,10,INE080G01011,Finance (including NBFCs),Equity
531091,,UNITDCR,UNITED CREDIT LTD.,Active,X ,10,INE858C01027,Finance (including NBFCs),Equity
531127,,MENAMANI,Mena Mani Industries Ltd,Active,XT,10,INE148B01025,Finance (including NBFCs),Equity
531156,,ALFAVIO,ALFAVISION OVERSEAS (INDIA) LTD.,Active,X ,10,INE883B01019,Finance (including NBFCs),Equity
531169,,SKPSEC,SKP SECURITIES LTD.,Active,X ,10,INE709B01016,Finance (including NBFCs),Equity
531176,,MEFCOMCAP,MEFCOM CAPITAL MARKETS LTD.,Active,X ,10,INE186C01015,Finance (including NBFCs),Equity
531179,,ARMANFIN,ARMAN FINANCIAL SERVICES LTD.,Active,B ,10,INE109C01017,Finance (including NBFCs),Equity
531192,,MIDINFRA,Midas Infra Trade Limited,Active,XT,1,INE290M01022,Finance (including NBFCs),Equity
531199,,GLANCE,GLANCE FINANCE LTD.,Active,X ,10,INE580D01017,Finance (including NBFCs),Equity
531212,,NALINLEA,NALIN LEASE FINANCE LTD.,Active,X ,10,INE606C01012,Finance (including NBFCs),Equity
531213,,MANAPPURAM,MANAPPURAM FINANCE LTD.,Active,A ,2,INE522D01027,Finance (including NBFCs),Equity
531216,,COMFINTE,COMFORT INTECH LTD.-$,Active,X ,10,INE819A01031,Finance (including NBFCs),Equity
531228,,RANDER,RANDER CORPORATION LTD.,Active,X ,10,INE821D01031,Finance (including NBFCs),Equity
531235,,CITIPOR,CITIPORT FINANCIAL SERVICES LTD.,Active,XT,10,INE494D01011,Finance (including NBFCs),Equity
531237,,DHRUVCA,DHRUVA CAPITAL SERVICES LTD.,Active,X ,10,INE972E01014,Finance (including NBFCs),Equity
531252,,ANERI,Aneri Fincap Ltd,Active,X ,10,INE720D01019,Finance (including NBFCs),Equity
531254,,OPTIFIN,Optimus Finance Ltd,Active,X ,10,INE031G01014,Finance (including NBFCs),Equity
531255,,PARAGONF,PARAGON FINANCE LTD.,Active,X ,10,INE015E01012,Finance (including NBFCs),Equity
531272,,NIKKIGL,NIKKI GLOBAL FINANCE LTD.,Active,X ,10,INE526C01012,Finance (including NBFCs),Equity
531274,,KINETRU,KINETIC TRUST LTD.,Active,XT,10,INE674M01019,Finance (including NBFCs),Equity
531279,,TRISHAKT,TRISHAKTI ELECTRONICS & INDUSTRIES LTD.,Active,X ,10,INE238C01014,Finance (including NBFCs),Equity
531283,,CINDRELL,CINDRELLA FINANCIAL SERVICES LTD.,Active,XT,10,INE897D01015,Finance (including NBFCs),Equity
531288,,LEADFIN,LEAD FINANCIAL SERVICES LTD.,Active,XT,10,INE531D01010,Finance (including NBFCs),Equity
531314,,INTCAPM,INTEGRA CAPITAL MANAGEMENT LTD.,Active,X ,10,INE366H01012,Finance (including NBFCs),Equity
531319,,MARUTISE,MARUTI SECURITIES LTD.,Active,X ,10,INE368C01019,Finance (including NBFCs),Equity
531341,,GUJINV,GUJARAT INVESTA LTD.,Active,X ,10,INE373D01017,Finance (including NBFCs),Equity
531358,,CHOICEIN,CHOICE INTERNATIONAL LTD.,Active,X ,10,INE102B01014,Finance (including NBFCs),Equity
531387,,HASTIFIN,HASTI FINANCE LTD.,Active,X ,10,INE671D01014,Finance (including NBFCs),Equity
531390,,UPSURGE,UPSURGE INVESTMENT & FINANCE LTD.,Active,X ,10,INE890B01014,Finance (including NBFCs),Equity
531417,,MEGACOR,MEGA CORPORATION LTD.,Active,XT,1,INE804B01023,Finance (including NBFCs),Equity
531433,,SUNGOLD,SUNGOLD CAPITAL LTD.,Active,X ,10,INE271D01013,Finance (including NBFCs),Equity
531505,,INDERGR,INDERGIRI FINANCE LTD.,Active,X ,10,INE628F01019,Finance (including NBFCs),Equity
531557,,AMITSEC,AMIT SECURITIES LTD.,Active,Z ,10,INE137E01014,Finance (including NBFCs),Equity
531582,,BERYLSE,BERYL SECURITIES LTD.,Active,XT,10,INE508J01015,Finance (including NBFCs),Equity
531583,,RAP,RAP MEDIA LTD.,Active,X ,10,INE483D01014,Finance (including NBFCs),Equity
531591,,BAMPSL,BAMPSL SECURITIES LTD.,Active,XT,10,INE802A01037,Finance (including NBFCs),Equity
531595,,CGCL,Capri Global Capital Limited,Active,A ,2,INE180C01026,Finance (including NBFCs),Equity
531644,,TOKYOFIN,TOKYO FINANCE LTD.,Active,X ,10,INE546D01018,Finance (including NBFCs),Equity
531652,,THIRDFIN,THIRDWAVE FINANCIAL INTERMEDIARIES LTD.,Active,XT,10,INE528C01018,Finance (including NBFCs),Equity
531658,,TRIJAL,TRIJAL INDUSTRIES LTD.,Active,XT,10,INE454E01013,Finance (including NBFCs),Equity
531735,,PRISMFN,PRISM FINANCE LTD.,Active,P ,10,INE429Q01019,Finance (including NBFCs),Equity
531758,,GKCONS,G.K.CONSULTANTS LTD.,Active,X ,10,INE131D01019,Finance (including NBFCs),Equity
531841,,INDUSFINL,Indus Finance Ltd,Active,X ,10,INE935D01013,Finance (including NBFCs),Equity
531878,,ANJANIFIN,ANJANI FINANCE LTD.,Active,X ,10,INE283D01018,Finance (including NBFCs),Equity
531962,,SHREMETAL,SHREE METALLOYS LTD.,Active,XT,10,INE914B01012,Finance (including NBFCs),Equity
531996,,ODYCORP,ODYSSEY CORPORATION LTD.,Active,X ,5,INE839E01023,Finance (including NBFCs),Equity
532035,,UNISTRMU,UNISTAR MULTIMEDIA LTD.,Active,X ,10,INE808C01014,Finance (including NBFCs),Equity
532057,,ABHICAP,ABHINAV CAPITAL SERVICES LTD.,Active,XT,10,INE516F01016,Finance (including NBFCs),Equity
532092,,SAGARPROD,Sagar Productions Limited,Active,XT,1,INE807D01030,Finance (including NBFCs),Equity
532113,,BRIJLEAS,BRIJLAXMI LEASING & FINANCE LTD.,Active,X ,10,INE957E01031,Finance (including NBFCs),Equity
532138,,SMCREDT,SMC CREDITS LTD.,Active,XT,10,INE440E01012,Finance (including NBFCs),Equity
532164,,MINOLTAF,MINOLTA FINANCE LTD.,Active,Z ,10,INE514C01018,Finance (including NBFCs),Equity
532216,,HBSTOCK,HB STOCKHOLDINGS LTD.,Active,B ,10,INE550B01022,Finance (including NBFCs),Equity
532256,,NSIL,NALWA SONS INVESTMENTS LTD.,Active,B ,10,INE023A01030,Finance (including NBFCs),Equity
532320,,VAARAD,Vaarad Ventures Ltd,Active,X ,1,INE418B01048,Finance (including NBFCs),Equity
532366,,PNBGILTS,PNB GILTS LTD.,Active,B ,10,INE859A01011,Finance (including NBFCs),Equity
532485,,BLIL,BALMER LAWRIE INVESTMENTS LTD.,Active,B ,10,INE525F01017,Finance (including NBFCs),Equity
532498,,SHRIRAMCIT,SHRIRAM CITY UNION FINANCE LTD.,Active,A ,10,INE722A01011,Finance (including NBFCs),Equity
532659,,IDFC,IDFC LIMITED,Active,A ,10,INE043D01016,Finance (including NBFCs),Equity
532720,,M&MFIN,MAHINDRA & MAHINDRA FINANCIAL SERVICES LTD.,Active,A ,2,INE774D01024,Finance (including NBFCs),Equity
532810,,PFC,POWER FINANCE CORPORATION LTD.,Active,A ,10,INE134E01011,Finance (including NBFCs),Equity
532812,,TFL,TRANSWARRANTY FINANCE LTD.,Active,B ,10,INE804H01012,Finance (including NBFCs),Equity
532892,,MOTILALOFS,MOTILAL OSWAL FINANCIAL SERVICES LTD.,Active,A ,1,INE338I01027,Finance (including NBFCs),Equity
532900,,PAISALO,Paisalo Digital Ltd,Active,B ,10,INE420C01042,Finance (including NBFCs),Equity
532955,,RECLTD,REC Ltd,Active,A ,10,INE020B01018,Finance (including NBFCs),Equity
533095,,BENGALASM,BENGAL & ASSAM COMPANY LTD.,Active,B ,10,INE083K01017,Finance (including NBFCs),Equity
533344,,PFS,PTC INDIA FINANCIAL SERVICES LTD.,Active,B ,10,INE560K01014,Finance (including NBFCs),Equity
533398,,MUTHOOTFIN,MUTHOOT FINANCE LTD.,Active,A ,10,INE414G01012,Finance (including NBFCs),Equity
534060,,PMCFIN,PMC Fincorp Limited,Active,X ,1,INE793G01035,Finance (including NBFCs),Equity
534109,,PYXISFIN,Pyxis Finvest Ltd,Active,M ,10,INE883L01018,Finance (including NBFCs),Equity
535267,,COMFINCAP,COMFORT FINCAP LTD.,Active,X ,10,INE274M01018,Finance (including NBFCs),Equity
535566,,KIFS,KIFS FINANCIAL SERVICES LTD.,Active,X ,10,INE902D01013,Finance (including NBFCs),Equity
535667,,IFINSEC,INDIA FINSEC LTD.,Active,T ,10,INE474O01010,Finance (including NBFCs),Equity
535910,,MMLF,Money Masters Leasing & Finance Ltd,Active,M ,10,INE340O01013,Finance (including NBFCs),Equity
536710,,SRGSFL,S R G Securities Finance Ltd,Active,M ,10,INE326P01019,Finance (including NBFCs),Equity
536737,,ACFSL,Amrapali Capital and Finance Services Ltd,Active,M ,10,INE218P01018,Finance (including NBFCs),Equity
536965,,BPCAP,B. P. Capital Ltd,Active,X ,10,INE947C01010,Finance (including NBFCs),Equity
537069,,ARNOLD,Arnold Holdings Ltd,Active,X ,10,INE185K01036,Finance (including NBFCs),Equity
537800,,MANGIND,Mangalam Industrial Finance Ltd,Active,XT,1,INE717C01025,Finance (including NBFCs),Equity
537820,,VFL,Viji Finance Ltd,Active,B ,1,INE159N01027,Finance (including NBFCs),Equity
538212,,SHARPINV,Sharp Investments Ltd,Active,X ,1,INE909D01026,Finance (including NBFCs),Equity
538402,,SPS,SPS Finquest Ltd,Active,M ,10,INE502O01018,Finance (including NBFCs),Equity
538464,,TPROJECT,Thirani Projects Ltd,Active,X ,10,INE901C01017,Finance (including NBFCs),Equity
538476,,CTL,Capital Trade Links Ltd,Active,X ,1,INE172D01021,Finance (including NBFCs),Equity
538540,,RLFL,Ramchandra Leasing & Finance Ltd,Active,XT,1,INE516P01015,Finance (including NBFCs),Equity
538565,,VISTARAMAR,Vistar Amar Ltd,Active,X ,10,INE878P01019,Finance (including NBFCs),Equity
538597,,TTIENT,TTI Enterprise Ltd,Active,XT,10,INE404F01031,Finance (including NBFCs),Equity
538646,,QGO,QGO Finance Ltd,Active,XT,10,INE837C01013,Finance (including NBFCs),Equity
538647,,PURSHOTTAM,Purshottam Investofin Ltd,Active,X ,10,INE729C01020,Finance (including NBFCs),Equity
538668,,NAYSAA,Naysaa Securities Ltd,Active,M ,10,INE898Q01015,Finance (including NBFCs),Equity
538708,,ETIL,Econo Trade (India) Ltd,Active,X ,10,INE937K01014,Finance (including NBFCs),Equity
538714,,SUCHITRA,Suchitra Finance & Trading Company Ltd,Active,X ,10,INE475D01010,Finance (including NBFCs),Equity
538732,,VGCL,Vibrant Global Capital Ltd,Active,T ,10,INE761Q01015,Finance (including NBFCs),Equity
538772,,NIYOGIN,Niyogin Fintech Ltd,Active,X ,10,INE480D01010,Finance (including NBFCs),Equity
538777,,ASIACAP,Asia Capital Ltd,Active,XT,10,INE131Q01011,Finance (including NBFCs),Equity
538778,,AKASHDEEP,Akashdeep Metal Industries Ltd,Active,X ,10,INE149Q01013,Finance (including NBFCs),Equity
538787,,GBFL,Goenka Business & Finance Ltd,Active,XT,10,INE997C01015,Finance (including NBFCs),Equity
538788,,GILADAFINS,Gilada Finance & Investments Ltd,Active,X ,10,INE918C01011,Finance (including NBFCs),Equity
538834,,MEL,Meenakshi Enterprises Ltd,Active,X ,10,INE242Q01016,Finance (including NBFCs),Equity
538860,,PANAFIC,Panafic Industrials Ltd,Active,X ,1,INE655P01029,Finance (including NBFCs),Equity
538863,,AMARNATH,Sri Amarnath Finance Ltd,Active,XT,10,INE985Q01010,Finance (including NBFCs),Equity
538868,,CSL,Continental Securities Ltd,Active,XT,10,INE183Q01012,Finance (including NBFCs),Equity
538881,,GALADAFIN,Galada Finance Ltd,Active,X ,10,INE243E01010,Finance (including NBFCs),Equity
538897,,SHRINIWAS,Shri Niwas Leasing And Finance Ltd,Active,X ,10,INE201F01015,Finance (including NBFCs),Equity
538918,,VANICOM,Vani Commercials Ltd,Active,X ,10,INE661Q01017,Finance (including NBFCs),Equity
538928,,KARNAVATI,Karnavati Finance Ltd,Active,B ,10,INE554R01012,Finance (including NBFCs),Equity
538943,,SONAL,Sonal Mercantile Ltd,Active,XT,10,INE321M01017,Finance (including NBFCs),Equity
538952,,ALFL,Abhinav Leasing & Finance Ltd,Active,X ,1,INE211D01027,Finance (including NBFCs),Equity
538975,,SHREESEC,Shree Securities Ltd,Active,XT,10,INE397C01018,Finance (including NBFCs),Equity
539016,,NEIL,Neil Industries Ltd,Active,X ,10,INE396C01010,Finance (including NBFCs),Equity
539090,,RAJPUTANA,Rajputana Investment and Finance Ltd,Active,XT,10,INE751R01014,Finance (including NBFCs),Equity
539110,,NORTHLINK,Northlink Fiscal and Capital Services Ltd,Active,X ,10,INE736P01019,Finance (including NBFCs),Equity
539113,,PML,Paul Merchants Ltd,Active,X ,10,INE291E01019,Finance (including NBFCs),Equity
539114,,HINDSECR,Hind Securities & Credits Ltd,Active,XT,10,INE727Q01016,Finance (including NBFCs),Equity
539117,,SUJALA,Sujala Trading & Holdings Ltd,Active,X ,10,INE029H01016,Finance (including NBFCs),Equity
539124,,SARVOTTAM,Sarvottam Finvest Ltd,Active,XT,10,INE822Q01015,Finance (including NBFCs),Equity
539174,,HELPAGE,Helpage Finlease Ltd,Active,XT,10,INE738P01015,Finance (including NBFCs),Equity
539177,,AIIL,Authum Investment & Infrastructure Ltd,Active,XT,10,INE206F01014,Finance (including NBFCs),Equity
539218,,SAUMYA,Saumya Consultants Ltd,Active,X ,10,INE563C01015,Finance (including NBFCs),Equity
539253,,SURYAINDIA,Surya India Ltd,Active,XT,10,INE446E01019,Finance (including NBFCs),Equity
539265,,AMRAFIN,Amrapali Fincap Ltd,Active,M ,10,INE990S01016,Finance (including NBFCs),Equity
539274,,BLFL,Boston Leasing and Finance Ltd,Active,Z ,10,INE962P01011,Finance (including NBFCs),Equity
539303,,MINDAFIN,Minda Finance Ltd,Active,XT,10,INE197E01018,Finance (including NBFCs),Equity
539384,,KRISHNACAP,Krishna Capital and Securities Ltd,Active,XT,10,INE897B01019,Finance (including NBFCs),Equity
539391,,ACME,Acme Resources Ltd,Active,X ,10,INE636B01011,Finance (including NBFCs),Equity
539404,,SATIN,Satin Creditcare Network Ltd,Active,B ,10,INE836B01017,Finance (including NBFCs),Equity
539434,,BRIPORT,Brilliant Portfolios Ltd,Active,X ,10,INE661F01010,Finance (including NBFCs),Equity
539468,,TFSL,Typhoon Financial Services Ltd,Active,X ,10,INE761R01013,Finance (including NBFCs),Equity
539481,,PARIKSHA,Pariksha Fin- Invest- Lease Ltd,Active,XT,10,INE270F01010,Finance (including NBFCs),Equity
539492,,GARBIFIN,Garbi Finvest Ltd,Active,XT,10,INE721C01019,Finance (including NBFCs),Equity
539493,,ADHARSHILA,Adharshila Capital Services Ltd,Active,XT,10,INE269F01012,Finance (including NBFCs),Equity
539494,,SMARTFIN,Smart Finsec Ltd,Active,XT,10,INE766D01012,Finance (including NBFCs),Equity
539495,,RAJKOTINV,Rajkot Investment Trust Ltd,Active,Z ,10,INE176R01014,Finance (including NBFCs),Equity
539506,,ADCON,Adcon Capital Services Ltd,Active,XT,10,INE805Q01010,Finance (including NBFCs),Equity
539552,,FMEC,F Mec International Financial Services Ltd,Active,XT,10,INE108T01013,Finance (including NBFCs),Equity
539574,,SCL,Sunshine Capital Ltd,Active,X ,10,INE974F01017,Finance (including NBFCs),Equity
539598,,ORACLECR,Oracle Credit Ltd,Active,X ,10,INE727C01016,Finance (including NBFCs),Equity
539621,,BCLENTERPR,BCL Enterprises Ltd,Active,XT,10,INE368E01015,Finance (including NBFCs),Equity
539662,,BFLAFL,BFL Asset Finvest Ltd,Active,X ,10,INE948Q01018,Finance (including NBFCs),Equity
539669,,RGF,RGF Capital Markets Ltd,Active,X ,1,INE684D01025,Finance (including NBFCs),Equity
539681,,DAL,Dynamic Archistructures Ltd,Active,XT,10,INE874E01012,Finance (including NBFCs),Equity
539683,,SHIVKAMAL,Shivkamal Impex Ltd,Active,XT,10,INE429R01017,Finance (including NBFCs),Equity
539692,,IFINSER,Interactive Financial Services Ltd,Active,XT,10,INE064T01018,Finance (including NBFCs),Equity
539773,,ADVIKCA,Advik Capital Ltd,Active,X ,1,INE178T01024,Finance (including NBFCs),Equity
539833,,SICLTD,Shivom Investment & Consultancy Ltd,Active,X ,10,INE074G01014,Finance (including NBFCs),Equity
539835,,SUPERIOR,Superior Finlease Ltd,Active,XT,10,INE574R01010,Finance (including NBFCs),Equity
539839,,FRANKLIN,Franklin Leasing and Finance Ltd,Active,M ,10,INE399S01010,Finance (including NBFCs),Equity
539874,,UJJIVAN,Ujjivan Financial Services Ltd,Active,A ,10,INE334L01012,Finance (including NBFCs),Equity
539909,,LATENT,Latent Light Finance Ltd,Active,XT,10,INE515K01018,Finance (including NBFCs),Equity
539946,,BAZELINTER,Bazel International Ltd,Active,XT,10,INE217E01014,Finance (including NBFCs),Equity
540168,,SUPRAP,Supra Pacific Management Consultancy Ltd,Active,XT,10,INE268T01015,Finance (including NBFCs),Equity
540181,,SALEM,Salem Erode Investments Ltd,Active,XT,1,INE894E01028,Finance (including NBFCs),Equity
540211,,SIFL,Sparkling (India) Finshares Ltd,Active,XT,10,INE181T01010,Finance (including NBFCs),Equity
540254,,MTPL,Marg Techno Projects Ltd,Active,XT,10,INE245H01018,Finance (including NBFCs),Equity
540749,,MASFIN,MAS Financial Services Ltd,Active,A ,10,INE348L01012,Finance (including NBFCs),Equity
541133,,ACFL,Apex Capital And Finance Ltd,Active,XT,10,INE758W01019,Finance (including NBFCs),Equity
541336,,INDOSTAR,Indostar Capital Finance Ltd,Active,A ,10,INE896L01010,Finance (including NBFCs),Equity
541358,,SHWL,Shree Worstex Ltd,Active,XT,10,INE926R01012,Finance (including NBFCs),Equity
541770,,CREDITACC,CreditAccess Grameen Ltd,Active,A ,10,INE741K01010,Finance (including NBFCs),Equity
542377,,AARSHYAM,Aar Shyam India Investment Company Ltd,Active,XT,10,INE512R01010,Finance (including NBFCs),Equity
542759,,SPANDANA,Spandana Sphoorty Financial Ltd,Active,B ,10,INE572J01011,Finance (including NBFCs),Equity
542774,,APMFINVEST,APM Finvest Ltd,Active,X ,2,INE08KJ01012,Finance (including NBFCs),Equity
542906,,EASUN,Easun Capital Markets Ltd,Active,XT,10,INE771C01014,Finance (including NBFCs),Equity
542911,,ASSAMENT,Assam Entrade Ltd,Active,XT,10,INE165G01010,Finance (including NBFCs),Equity
542931,,VARDHANCFL,Vardhan Capital & Finance Ltd,Active,XT,10,INE128G01018,Finance (including NBFCs),Equity
543066,,SBICARD,SBI Cards and Payment Services Ltd,Active,B ,10,INE018E01016,Finance (including NBFCs),Equity
543208,,BHARTIA,Bhartia Bachat Ltd,Active,XT,10,INE745R01016,Finance (including NBFCs),Equity
590071,,SUNDARMFIN,SUNDARAM FINANCE LTD.,Active,B ,10,INE660A01013,Finance (including NBFCs),Equity
590122,,ASHIKACR,ASHIKA CREDIT CAPITAL LTD.,Active,X ,10,INE094B01013,Finance (including NBFCs),Equity
500106,,IFCI,IFCI LTD.,Active,A ,10,INE039A01010,Financial Institutions,Equity
526650,,TFCILTD,TOURISM FINANCE CORPORATION OF INDIA LTD.,Active,B ,10,INE305A01015,Financial Institutions,Equity
530927,,HARAFIN,HARYANA FINANCIAL CORPORATION LTD.,Active,ZY,10,NA          ,Financial Institutions,Equity
532160,,GUJSTATFIN,Gujarat State Financial Corporation,Active,T ,10,INE944A01011,Financial Institutions,Equity
500490,,BAJAJHLDNG,BAJAJ HOLDINGS & INVESTMENT LTD.,Active,A ,10,INE118A01012,Holding Companies,Equity
501301,,TATAINVEST,TATA INVESTMENT CORPORATION LTD.,Active,A ,10,INE672A01018,Holding Companies,Equity
504973,,CHOLAHLDNG,Cholamandalam Financial Holdings Ltd,Active,A ,1,INE149A01033,Holding Companies,Equity
523405,,JMFINANCIL,JM FINANCIAL LTD.-$,Active,A ,1,INE780C01023,Holding Companies,Equity
532468,,KAMAHOLD,Kama Holdings Limited-$,Active,B ,10,INE411F01010,Holding Companies,Equity
532642,,JSWHL,JSW Holdings Limited,Active,B ,10,INE824G01012,Holding Companies,Equity
532978,,BAJAJFINSV,BAJAJ FINSERV LTD.,Active,A ,5,INE918I01018,Holding Companies,Equity
533303,,BFINVEST,BF INVESTMENT LTD.,Active,B ,5,INE878K01010,Holding Companies,Equity
533315,,INOVSYNTH,INNOVASSYNTH INVESTMENTS LTD.,Active,X ,10,INE690J01011,Holding Companies,Equity
533316,,STEL,STEL Holdings Ltd,Active,B ,10,INE577L01016,Holding Companies,Equity
533519,,L&TFH,L&T FINANCE HOLDINGS LTD.,Active,A ,10,INE498L01015,Holding Companies,Equity
539844,,EQUITAS,Equitas Holdings Ltd,Active,A ,10,INE988K01017,Holding Companies,Equity
539883,,PILANIINVS,Pilani Investment and Industries Corporation Ltd,Active,B ,10,INE417C01014,Holding Companies,Equity
539940,,MAXVIL,Max Ventures and Industries Ltd,Active,B ,10,INE154U01015,Holding Companies,Equity
540691,,ABCAPITAL,Aditya Birla Capital Ltd,Active,A ,10,INE674K01013,Holding Companies,Equity
543223,,MAXINDIA,Max India Ltd,Active,B ,10,INE0CG601016,Holding Companies,Equity
500010,,HDFC,HOUSING DEVELOPMENT FINANCE CORP.LTD.,Active,A ,2,INE001A01036,Housing Finance ,Equity
500253,,LICHSGFIN,LIC HOUSING FINANCE LTD.,Active,A ,2,INE115A01026,Housing Finance ,Equity
509650,,ZHINDHSG,HINDUSTAN HOUSING CO.LTD.,Active,XT,25,INE083O01019,Housing Finance ,Equity
511072,,DHFL,DEWAN HOUSING FINANCE CORPORATION LTD.,Active,A ,10,INE202B01012,Housing Finance ,Equity
511196,,CANFINHOME,CAN FIN HOMES LTD.,Active,A ,2,INE477A01020,Housing Finance ,Equity
511533,,SAHARAHOUS,SAHARA HOUSINGFINA CORPORATION LTD.,Active,X ,10,INE135C01012,Housing Finance ,Equity
511676,,GICHSGFIN,GIC HOUSING FINANCE LTD.,Active,A ,10,INE289B01019,Housing Finance ,Equity
511740,,MEHTAHG,MEHTA HOUSING FINANCE LTD.,Active,XT,10,INE239B01014,Housing Finance ,Equity
523465,,INDBNK,IND BANK HOUSING LTD.,Active,B ,10,INE969D01012,Housing Finance ,Equity
530537,,MANRAJH,MANRAJ HOUSING FINANCE LTD.,Active,Z ,10,INE948I01015,Housing Finance ,Equity
530979,,INDIAHOME,INDIA HOME LOAN LTD.,Active,X ,10,INE274E01015,Housing Finance ,Equity
531556,,CORALFINAC,CORAL INDIA FINANCE & HOUSING LTD.,Active,B ,2,INE558D01021,Housing Finance ,Equity
534680,,SRGHFL,SRG HOUSING FINANCE LTD.,Active,X ,10,INE559N01010,Housing Finance ,Equity
535322,,REPCOHOME,REPCO HOME FINANCE LTD.,Active,A ,10,INE612J01015,Housing Finance ,Equity
535789,,IBULHSGFIN,Indiabulls Housing Finance Ltd,Active,A ,2,INE148I01020,Housing Finance ,Equity
539017,,ASHFL,Akme Star Housing Finance Ltd,Active,B ,10,INE526R01010,Housing Finance ,Equity
540173,,PNBHOUSING,PNB Housing Finance Ltd,Active,A ,10,INE572E01012,Housing Finance ,Equity
540530,,HUDCO,Housing and Urban Development Corporation Ltd,Active,A ,10,INE031A01017,Housing Finance ,Equity
540709,,RELHOME,Reliance Home Finance Ltd,Active,B ,10,INE217K01011,Housing Finance ,Equity
541988,,AAVAS,AAVAS Financiers Ltd,Active,A ,10,INE216P01012,Housing Finance ,Equity
500266,,MAHSCOOTER,MAHARASHTRA SCOOTERS LTD.,Active,A ,10,INE288A01013,Investment Companies,Equity
500317,,OSWALAGRO,OSWAL AGRO MILLS LTD.,Active,B ,10,INE142A01012,Investment Companies,Equity
501148,,DSINVEST,DALAL STREET INVESTMENTS LTD.,Active,XT,10,INE422D01012,Investment Companies,Equity
501298,,INDPRUD,INDUSTRIAL & PRUDENTIAL INVESTMENTS CO.LTD.,Active,X ,10,INE620D01011,Investment Companies,Equity
503663,,TILAK,Tilak Ventures Ltd,Active,XT,1,INE026L01022,Investment Companies,Equity
506105,,STANROS,STANROSE MAFATLAL INVESTMENTS AND FINANCE LTD.,Active,X ,10,INE441L01015,Investment Companies,Equity
511012,,YAMNINV,YAMINI INVESTMENTS COMPANY LTD.,Active,XT,1,INE457N01025,Investment Companies,Equity
530197,,FUNDVISER,Fundviser Capital (India) Ltd,Active,XT,10,INE365H01014,Investment Companies,Equity
532056,,ADIEXRE,ADINATH EXIM RESOURCES LTD.,Active,XT,10,INE398H01015,Investment Companies,Equity
532852,,MCDHOLDING,MCDOWELL HOLDINGS LTD.,Active,B ,10,INE836H01014,Investment Companies,Equity
532855,,HARYNACAP,HARYANA CAPFIN LTD.,Active,X ,10,INE928H01019,Investment Companies,Equity
532895,,NAGREEKCAP,NAGREEKA CAPITAL & INFRASTRUCTURE LTD.,Active,B ,5,INE245I01016,Investment Companies,Equity
532952,,NAHARCAP,NAHAR CAPITAL & FINANCIAL SERVICES LTD.,Active,B ,5,INE049I01012,Investment Companies,Equity
533170,,TAMBOLI,TAMBOLI CAPITAL LTD.,Active,X ,10,INE864J01012,Investment Companies,Equity
533302,,KICL,KALYANI INVESTMENT COMPANY LTD.,Active,B ,10,INE029L01018,Investment Companies,Equity
533306,,SUMMITSEC,SUMMIT SECURITIES LTD.,Active,B ,10,INE519C01017,Investment Companies,Equity
533336,,DHUNINV,DHUNSERI INVESTMENTS LTD.,Active,B ,10,INE320L01011,Investment Companies,Equity
533602,,LESHAIND,LESHA INDUSTRIES LTD.,Active,X ,1,INE050L01048,Investment Companies,Equity
533632,,ONELIFECAP,ONELIFE CAPITAL ADVISORS LTD.,Active,B ,10,INE912L01015,Investment Companies,Equity
534091,,MCX,MULTI COMMODITY EXCHANGE OF INDIA LTD.,Active,A ,10,INE745G01035,Investment Companies,Equity
537750,,KIRANVYPAR,Kiran Vyapar Ltd,Active,X ,10,INE555P01013,Investment Companies,Equity
538180,,GOLDLINE,Gold Line International Finvest Ltd,Active,Z ,1,INE204P01026,Investment Companies,Equity
538351,,AFEL,A.F. Enterprises Ltd,Active,X ,10,INE663P01015,Investment Companies,Equity
538451,,WORTH,Worth Investment & Trading Co Ltd,Active,X ,10,INE114O01012,Investment Companies,Equity
538539,,JTAPARIA,J. Taparia Projects Ltd,Active,XT,10,INE075K01013,Investment Companies,Equity
538556,,ARMAN,Arman Holdings Ltd,Active,X ,10,INE510P01018,Investment Companies,Equity
539091,,CITL,Consecutive Investment & Trading Company Ltd,Active,X ,10,INE187R01011,Investment Companies,Equity
539217,,SRESTHA,Srestha Finvest Ltd,Active,X ,2,INE606K01023,Investment Companies,Equity
539290,,BINDALAGRO,Oswal Greentech Ltd,Active,B ,10,INE143A01010,Investment Companies,Equity
539488,,TFLL,Tirupati Finlease Ltd,Active,XT,10,INE027S01017,Investment Companies,Equity
539543,,VALLEY,Valley Magnesite Company Ltd,Active,X ,10,INE834E01016,Investment Companies,Equity
539545,,APOORVA,Apoorva Leasing Finance and Investment Company Ltd,Active,X ,10,INE217S01014,Investment Companies,Equity
539875,,RSDFIN,RSD Finance Ltd,Active,X ,5,INE616F01022,Investment Companies,Equity
539947,,JLL,Jindal Leasefin Ltd,Active,XT,10,INE919T01013,Investment Companies,Equity
540526,,IRBINVIT,IRB InvIT Fund,Active,IF,0,INE183W23014,Investment Companies,Equity
540565,,INDIGRID,India Grid Trust,Active,IF,0,INE219X23014,Investment Companies,Equity
540647,,GANGESSEC,Ganges Securities Ltd,Active,B ,10,INE335W01016,Investment Companies,Equity
540648,,PALASHSEC,Palash Securities Ltd,Active,B ,10,INE471W01019,Investment Companies,Equity
542602,,EMBASSY,Embassy Office Parks REIT,Active,IF,0,INE041025011,Investment Companies,Equity
500271,,MFSL,Max Financial Services Ltd,Active,A ,2,INE180A01020,Life Insurance,Equity
540133,,ICICIPRULI,ICICI Prudential Life Insurance Company Ltd,Active,A ,10,INE726G01019,Life Insurance,Equity
540719,,SBILIFE,SBI Life Insurance Company Ltd,Active,A ,10,INE123W01016,Life Insurance,Equity
540777,,HDFCLIFE,HDFC Life Insurance Company Ltd,Active,A ,10,INE795G01014,Life Insurance,Equity
512267,,MMWL,MEDIA MATRIX WORLDWIDE LTD.,Active,X ,1,INE200D01020,Movies & Entertainment,Equity
523277,,GVFILM,GV FILMS LTD.,Active,XT,1,INE395B01048,Movies & Entertainment,Equity
530457,,CINERAD,CINERAD COMMUNICATIONS LTD.,Active,X ,10,INE959B01017,Movies & Entertainment,Equity
530943,,SABTN,SRI ADHIKARI BROTHERS TELEVISION NETWORK LTD.,Active,B ,10,INE416A01036,Movies & Entertainment,Equity
531512,,ORIENTTR,ORIENT TRADELINK LTD.,Active,XT,2,INE681D01021,Movies & Entertainment,Equity
531668,,VISIONCO,VISION CORPORATION LTD.,Active,X ,10,INE661D01015,Movies & Entertainment,Equity
532011,,POOJAENT,POOJA ENTERTAINMENT AND FILMS LTD.,Active,XT,10,INE147C01017,Movies & Entertainment,Equity
532163,,SAREGAMA,SAREGAMA INDIA LTD.,Active,B ,10,INE979A01017,Movies & Entertainment,Equity
532324,,CINEVISTA,CINEVISTA LTD.,Active,B ,2,INE039B01026,Movies & Entertainment,Equity
532350,,PADMALAYAT,PADMALAYA TELEFILMS LTD.,Active,Z ,10,INE243B01016,Movies & Entertainment,Equity
532355,,PICTUREHS,PICTUREHOUSE MEDIA LTD.,Active,X ,10,INE448B01029,Movies & Entertainment,Equity
532357,,MUKTAARTS,MUKTA ARTS LTD.,Active,B ,5,INE374B01019,Movies & Entertainment,Equity
532375,,TIPSINDLTD,TIPS INDUSTRIES LTD.,Active,B ,10,INE716B01011,Movies & Entertainment,Equity
532378,,UNIVARTS,UNIVERSAL ARTS LTD.,Active,X ,10,INE464B01018,Movies & Entertainment,Equity
532380,,BABA,BABA ARTS LTD.-$,Active,X ,1,INE893A01036,Movies & Entertainment,Equity
532387,,PNC,PRITISH NANDY COMMUNICATIONS LTD.,Active,B ,10,INE392B01011,Movies & Entertainment,Equity
532392,,CREATIVEYE,CREATIVE EYE LTD.,Active,B ,5,INE230B01021,Movies & Entertainment,Equity
532467,,HAZOOR,HAZOOR MULTI PROJECTS LTD.-$,Active,X ,4,INE550F01023,Movies & Entertainment,Equity
532748,,PFOCUS,PRIME FOCUS LTD.,Active,B ,1,INE367G01038,Movies & Entertainment,Equity
533176,,DQE,DQ ENTERTAINMENT (INTERNATIONAL) LTD.,Active,B ,10,INE656K01010,Movies & Entertainment,Equity
533261,,EROSMEDIA,EROS INTERNATIONAL MEDIA LTD.,Active,B ,10,INE416L01017,Movies & Entertainment,Equity
535647,,SDC,SDC Techmedia Ltd,Active,M ,10,INE807O01011,Movies & Entertainment,Equity
538685,,SHEMAROO,Shemaroo Entertainment Ltd,Active,B ,10,INE363M01019,Movies & Entertainment,Equity
539469,,PANORAMA,Panorama Studios International Ltd,Active,XT,10,INE258R01010,Movies & Entertainment,Equity
539910,,KOCL,Kome-On Communication Ltd,Active,X ,10,INE833C01012,Movies & Entertainment,Equity
540084,,SPICY,Spicy Entertainment and Media Ltd,Active,M ,10,INE592O01019,Movies & Entertainment,Equity
540151,,DIKSAT,Diksat Transworld Ltd,Active,M ,10,INE942P01013,Movies & Entertainment,Equity
540159,,PURPLE,Purple Entertainment Ltd,Active,X ,10,INE905R01016,Movies & Entertainment,Equity
543247,,NETPIX,Net Pix Shorts Digital Media Ltd,Active,TS,10,INE0D5F01013,Movies & Entertainment,Equity
590070,,RADAAN,RADAAN MEDIAWORKS (I) LTD.,Active,B ,2,INE874F01027,Movies & Entertainment,Equity
500069,,BNKCAP,BNK CAPITAL MARKETS LTD.,Active,X ,10,INE418C01012,Other Financial Services,Equity
500092,,CRISIL,CRISIL LTD.,Active,A ,1,INE007A01025,Other Financial Services,Equity
500337,,PRIMESECU,PRIME SECURITIES LTD.,Active,B ,5,INE032B01021,Other Financial Services,Equity
500450,,MPILCORPL,MPIL CORPORATION LTD.,Active,X ,10,INE844C01027,Other Financial Services,Equity
501110,,SUNRINV,SUNRISE INDUSTRIAL TRADERS LTD.,Active,XT,10,INE371U01015,Other Financial Services,Equity
501150,,CENTRUM,CENTRUM CAPITAL LTD.,Active,A ,1,INE660C01027,Other Financial Services,Equity
501261,,KRATOSENER,KRATOS ENERGY & INFRASTRUCTURE LTD.,Active,XT,10,INE567L01017,Other Financial Services,Equity
501386,,ZSWASTSA,SWASTIK SAFE DEPOSIT & INVESTMENTS LTD.,Active,XT,10,INE094R01019,Other Financial Services,Equity
503622,,ZSVTRADI,S.V.TRADING & AGENCIES LTD.,Active,XT,10,INE404N01019,Other Financial Services,Equity
503624,,ZSVARAJT,SVARAJ TRADING & AGENCIES LTD.,Active,XT,10,INE406N01014,Other Financial Services,Equity
503626,,KSHITIJ,KSHITIZ INVESTMENT LTD.,Active,Y ,10,NA          ,Other Financial Services,Equity
503635,,SALSAIN,SHREE SALASAR INVESTMENT LTD.,Active,XT,10,INE315N01017,Other Financial Services,Equity
503671,,UNIJOLL,UNIJOLLY INVESTMENTS CO.LTD.,Active,XT,10,INE130N01010,Other Financial Services,Equity
503893,,ZSATYASL,SATYAM SILK MILLS LTD.,Active,P ,10,INE07MC01015,Other Financial Services,Equity
504340,,CONFINT,Confidence Finance And Trading Limited,Active,X ,10,INE180M01033,Other Financial Services,Equity
504341,,RELTD,Ravindra Energy Ltd,Active,X ,10,INE206N01018,Other Financial Services,Equity
504346,,GDTRAGN,G.D.TRADING & AGENCIES LTD.,Active,P ,10,INE713N01013,Other Financial Services,Equity
504365,,RIDHISYN,RIDHI SYNTHETICS LTD.,Active,P ,10,INE07LK01010,Other Financial Services,Equity
504390,,AVTIL,AVTIL Enterprise Ltd,Active,XT,10,INE292N01018,Other Financial Services,Equity
504392,,KRISHNA,Krishna Ventures Limited,Active,XT,10,INE537L01010,Other Financial Services,Equity
505515,,SHYMINV,SHYAMKAMAL INVESTMENTS LTD.,Active,XT,10,INE203N01015,Other Financial Services,Equity
505526,,DOLAT,DOLAT INVESTMENTS LTD.,Active,B ,1,INE966A01022,Other Financial Services,Equity
506162,,TERRAFORM,TERRAFORM MAGNUM LTD.,Active,P ,10,INE122V01010,Other Financial Services,Equity
507864,,PIONRINV,PIONEER INVESTCORP LTD.,Active,X ,10,INE746D01014,Other Financial Services,Equity
507912,,LKPFIN,LKP Finance Limited,Active,X ,10,INE724A01017,Other Financial Services,Equity
508905,,SMIFS,SMIFS CAPITAL MARKETS LTD.,Active,X ,10,INE641A01013,Other Financial Services,Equity
509760,,MODRNSH,MODERN SHARES & STOCKBROKERS LTD.,Active,X ,10,INE370A01019,Other Financial Services,Equity
509945,,THACKER,THACKER & CO.LTD.,Active,XT,1,INE077P01034,Other Financial Services,Equity
511110,,VBDESAI,V.B.DESAI FINANCIAL SERVICES LTD.,Active,X ,10,INE848D01018,Other Financial Services,Equity
511260,,IDINFO,ID Info Business Services Ltd,Active,XT,10,INE088P01015,Other Financial Services,Equity
511333,,VLSFINANCE,VLS FINANCE LTD.,Active,B ,10,INE709A01018,Other Financial Services,Equity
511401,,MCLTD,Munoth Communication Ltd,Active,XT,10,INE410E01015,Other Financial Services,Equity
511441,,GUJCRED,GUJARAT CREDIT CORPORATION LTD.,Active,XT,10,INE034B01019,Other Financial Services,Equity
511473,,INDBANK,INDBANK MERCHANT BANKING SERVICES LTD.,Active,B ,10,INE841B01017,Other Financial Services,Equity
511501,,BHARAT,BHARAT BHUSHAN SHARE & COMMODITY BROKERS LTD.,Active,X ,10,INE900A01013,Other Financial Services,Equity
511535,,NDASEC,NDA SECURITIES LTD.,Active,X ,10,INE026C01013,Other Financial Services,Equity
511539,,SUPRATRE,Supra Trends Limited,Active,XT,10,INE533B01028,Other Financial Services,Equity
511551,,MONARCH,Monarch Networth Capital Ltd,Active,X ,10,INE903D01011,Other Financial Services,Equity
511605,,ARIHCAPM,ARIHANT CAPITAL MARKETS LTD.,Active,X ,5,INE420B01028,Other Financial Services,Equity
511692,,AJCON,AJCON GLOBAL SERVICES LTD.,Active,X ,10,INE759C01019,Other Financial Services,Equity
511696,,CHRTEDCA,CHARTERED CAPITAL & INVESTMENT LTD.,Active,X ,10,INE953B01010,Other Financial Services,Equity
511706,,ACTIONFI,ACTION FINANCIAL SERVICES (INDIA) LTD.,Active,Z ,10,INE357A01032,Other Financial Services,Equity
511712,,RELICTEC,RELIC TECHNOLOGIES LTD.,Active,X ,10,INE452B01013,Other Financial Services,Equity
511738,,MEHSECU,MEHTA SECURITIES LTD.,Active,XT,10,INE241B01010,Other Financial Services,Equity
512022,,WINROC,WINRO COMMERCIAL (INDIA) LTD.,Active,XT,10,INE837E01019,Other Financial Services,Equity
512215,,STEPHANOTIS,Stephanotis Finance Ltd,Active,XT,10,INE902L01016,Other Financial Services,Equity
512247,,ASHCAP,ASHIRWAD CAPITAL LTD.,Active,X ,1,INE894A01026,Other Financial Services,Equity
512291,,ZSPEEDCO,SPEEDAGE COMMERCIALS LTD.,Active,P ,10,INE497M01015,Other Financial Services,Equity
512345,,YASTF,YASH TRADING & FINANCE LTD.,Active,XT,10,INE745A01012,Other Financial Services,Equity
512367,,ZSHERAPR,SHERATON PROPERTIES & FINANCE LTD.,Active,P ,10,INE495M01019,Other Financial Services,Equity
512393,,SHARDUL,SHARDUL SECURITIES LTD.,Active,X ,10,INE037B01012,Other Financial Services,Equity
512437,,APOLLOFI,APOLLO FINVEST (INDIA) LTD.,Active,X ,10,INE412D01013,Other Financial Services,Equity
512445,,DEVITRD,DEVINSU TRADING LTD.,Active,P ,10,INE07LH01016,Other Financial Services,Equity
512493,,GARNETINT,GARNET INTERNATIONAL LTD.,Active,X ,10,INE590B01010,Other Financial Services,Equity
512499,,SHALPRO,SHALIMAR PRODUCTIONS LTD.,Active,X ,1,INE435E01020,Other Financial Services,Equity
514238,,IKAB,IKAB SECURITIES & INVESTMENT LTD.,Active,X ,10,INE874A01010,Other Financial Services,Equity
521194,,SILINV,SIL INVESTMENTS LTD.,Active,B ,10,INE923A01015,Other Financial Services,Equity
522209,,YOGISUNG,YOGI SUNG-WON (INDIA) LTD.,Active,XT,10,INE429B01011,Other Financial Services,Equity
523019,,BNRSEC,B.N.RATHI SECURITIES LTD.,Active,X ,10,INE710D01010,Other Financial Services,Equity
526071,,STELLANT,STELLANT SECURITIES (INDIA) LTD.,Active,X ,10,INE395F01023,Other Financial Services,Equity
526251,,MIDEASTP,MID EAST PORTFOLIO MANAGEMENT LTD.,Active,X ,10,INE033E01015,Other Financial Services,Equity
526506,,SYSTMTXC,SYSTEMATIX CORPORATE SERVICES LTD.,Active,X ,10,INE356B01016,Other Financial Services,Equity
526871,,INTECCAP,INTEC CAPITAL LTD.,Active,X ,10,INE017E01018,Other Financial Services,Equity
526891,,MKTCREAT,MARKET CREATORS LTD.,Active,X ,10,INE944C01017,Other Financial Services,Equity
526921,,21STCENMGM,TWENTYFIRST CENTURY MANAGEMENT SERVICES LTD.,Active,B ,10,INE253B01015,Other Financial Services,Equity
530127,,NPRFIN,NPR FINANCE LTD.,Active,X ,10,INE446D01011,Other Financial Services,Equity
530171,,DAULAT,DAULAT SECURITIES LTD.,Active,X ,10,INE108C01019,Other Financial Services,Equity
530249,,BRIDGESE,BRIDGE SECURITIES LTD.,Active,X ,10,INE958C01017,Other Financial Services,Equity
530341,,MUKESHB,MUKESH BABU FINANCIAL SERVICES LTD.,Active,X ,10,INE596B01017,Other Financial Services,Equity
530357,,KBSINDIA,KBS INDIA LIMITED,Active,X ,10,INE883D01015,Other Financial Services,Equity
530393,,DBSTOCKBRO,DB (INTERNATIONAL) STOCK BROKERS LTD.,Active,B ,2,INE921B01025,Other Financial Services,Equity
530405,,JINDCAP,JINDAL CAPITAL LTD.,Active,X ,10,INE356F01017,Other Financial Services,Equity
530419,,SUMEDHA,SUMEDHA FISCAL SERVICES LTD.,Active,X ,10,INE886B01012,Other Financial Services,Equity
530557,,NCLRESE,NCL RESEARCH & FINANCIAL SERVICES LTD.,Active,Z ,2,INE132F01020,Other Financial Services,Equity
530585,,SWASTIKA,SWASTIKA INVESTMART LTD.,Active,X ,10,INE691C01014,Other Financial Services,Equity
530663,,GOYALASS,GOYAL ASSOCIATES LTD.,Active,XT,1,INE912B01032,Other Financial Services,Equity
530669,,PRESOFI,PREM SOMANI FINANCIAL SERVICES LTD.,Active,XT,10,INE035401012,Other Financial Services,Equity
530723,,ASITCFIN,ASIT C.MEHTA FINANCIAL SERVICES LTD.,Active,X ,10,INE041B01014,Other Financial Services,Equity
530881,,ABVL,Arunjyoti Bio Ventures Ltd,Active,XT,10,INE485K01014,Other Financial Services,Equity
531025,,VISAGAR,VISAGAR FINANCIAL SERVICES LTD.,Active,XT,2,INE309H01020,Other Financial Services,Equity
531027,,LIBORD,LIBORD SECURITIES LTD.,Active,X ,10,INE267E01019,Other Financial Services,Equity
531211,,WELLNESS,WELLNESS NONI LTD.,Active,P ,10,INE571H01017,Other Financial Services,Equity
531278,,ELIXIR,Elixir Capital Ltd,Active,X ,10,INE785D01012,Other Financial Services,Equity
531310,,AVAILFC,AVAILABLE FINANCE LTD.,Active,X ,10,INE325G01010,Other Financial Services,Equity
531324,,ROSELABS,ROSELABS FINANCE LTD.,Active,X ,10,INE475C01012,Other Financial Services,Equity
531327,,CHARMS,CHARMS INDUSTRIES LTD.,Active,X ,10,INE442C01012,Other Financial Services,Equity
531337,,JUMPNET,Jump Networks Ltd,Active,B ,5,INE974C01022,Other Financial Services,Equity
531340,,BERVINL,BERVIN INVESTMENT & LEASING LTD.,Active,XT,10,INE348I01018,Other Financial Services,Equity
531400,,ALMONDZ,ALMONDZ GLOBAL SECURITIES LTD.,Active,B ,6,INE326B01027,Other Financial Services,Equity
531509,,STEP2COR,STEP TWO CORPORATION LTD.,Active,XT,10,INE623D01015,Other Financial Services,Equity
531550,,JHACC,JHAVERI CREDITS & CAPITAL LTD.,Active,X ,10,INE865D01012,Other Financial Services,Equity
531600,,GOGIACAP,Gogia Capital Services Limited,Active,XT,10,INE832C01014,Other Financial Services,Equity
531672,,INANISEC,INANI SECURITIES LTD.,Active,XT,10,INE224C01014,Other Financial Services,Equity
531688,,PRITHVIEXCH,Prithvi Exchange (India) Ltd,Active,X ,10,INE621B01021,Other Financial Services,Equity
531821,,MUNOTHFI,MUNOTH FINANCIAL SERVICES LTD.,Active,X ,10,INE348D01019,Other Financial Services,Equity
531846,,TRINITYLEA,TRINITY LEAGUE INDIA LTD.,Active,XT,10,INE884X01011,Other Financial Services,Equity
531861,,JOINDRE,JOINDRE CAPITAL SERVICES LTD.,Active,X ,10,INE024B01010,Other Financial Services,Equity
531892,,KHANDSE,KHANDWALA SECURITIES LTD.,Active,B ,10,INE060B01014,Other Financial Services,Equity
531950,,VERTEX,VERTEX SECURITIES LTD.,Active,X ,2,INE316D01024,Other Financial Services,Equity
532053,,WALLFORT,WALLFORT FINANCIAL SERVICES LTD.,Active,X ,10,INE121B01014,Other Financial Services,Equity
532159,,TRESCON,Trescon Ltd,Active,X ,10,INE088D01011,Other Financial Services,Equity
532217,,SIELFNS,SIEL FINANCIAL SERVICES LTD.,Active,XT,10,INE027F01014,Other Financial Services,Equity
532284,,TCFCFINQ,TCFC FINANCE LTD.,Active,X ,10,INE389D01013,Other Financial Services,Equity
532285,,GEOJITFSL,Geojit Financial Services Ltd,Active,B ,1,INE007B01023,Other Financial Services,Equity
532290,,BLBLIMITED,BLB LTD.,Active,B ,1,INE791A01024,Other Financial Services,Equity
532304,,KJMCCORP,KJMC Corporate Advisors (India) Ltd.,Active,X ,10,INE602C01011,Other Financial Services,Equity
532333,,HBPOR,HB PORTFOLIO LTD.,Active,X ,10,INE638B01025,Other Financial Services,Equity
532410,,TRANSCOR,TRANSCORP INTERNATIONAL LTD.,Active,X ,2,INE330E01023,Other Financial Services,Equity
532636,,IIFL,IIFL Finance Ltd,Active,A ,2,INE530B01024,Other Financial Services,Equity
532737,,EMKAY,EMKAY GLOBAL FINANCIAL SERVICES LTD.,Active,B ,10,INE296H01011,Other Financial Services,Equity
532745,,INDICAP,Inditrade Capital Limited,Active,X ,10,INE347H01012,Other Financial Services,Equity
532835,,ICRA,ICRA LTD.,Active,B ,10,INE725G01011,Other Financial Services,Equity
532915,,RELIGARE,RELIGARE ENTERPRISES LTD.,Active,B ,10,INE621H01010,Other Financial Services,Equity
532922,,EDELWEISS,Edelweiss Financial Services Ltd.,Active,A ,1,INE532F01054,Other Financial Services,Equity
532960,,DHANI,Dhani Services Ltd,Active,B ,2,INE274G01010,Other Financial Services,Equity
532974,,BIRLAMONEY,ADITYA BIRLA MONEY LTD.-$,Active,B ,1,INE865C01022,Other Financial Services,Equity
532985,,KTKSENSEX,KOTAK SENSEX ETF,Active,B ,10,INF373I01031,Other Financial Services,Equity
533149,,ESSARSEC,Essar Securities Ltd,Active,XT,10,INE143K01019,Other Financial Services,Equity
533172,,IVZINGOLD,Invesco India Gold Exchange Traded Fund,Active,E ,100,INF205K01361,Other Financial Services,Equity
533230,,HDFCMFGETF,HDFC Mutual Fund - HDFC Gold Exchange Traded Fund,Active,E ,100,INF179K01CN1,Other Financial Services,Equity
533244,,ICICIGOLD,ICICI Prudential Gold ETF,Active,E ,1,INF109KC1NT3,Other Financial Services,Equity
533252,,WELINV,WELSPUN INVESTMENTS AND COMMERCIALS LTD.,Active,B ,10,INE389K01018,Other Financial Services,Equity
533385,,N100,Motilal Oswal MOSt Shares NASDAQ-100 ETF,Active,E ,10,INF247L01031,Other Financial Services,Equity
533408,,BSLGOLDETF,Birla Sun Life Mutual Fund - Birla Sun Life Gold ETF,Active,E ,10,INF209K01HT2,Other Financial Services,Equity
533452,,EBIXFOREX,Ebixcash World Money India Ltd,Active,B ,10,INE726L01019,Other Financial Services,Equity
533506,,INVENTURE,INVENTURE GROWTH & SECURITIES LTD.,Active,B ,10,INE878H01016,Other Financial Services,Equity
533676,,INDOTHAI,INDO THAI SECURITIES LTD.,Active,B ,10,INE337M01013,Other Financial Services,Equity
534063,,FUTSOL,FUTURISTIC SOLUTIONS LTD.,Active,XT,10,INE241F01011,Other Financial Services,Equity
534691,,COMCL,COMFORT COMMOTRADE LTD.,Active,B ,10,INE456N01019,Other Financial Services,Equity
534732,,INTELLADV,INTELLIVATE CAPITAL ADVISORS LTD.,Active,XT,1,INE176N01021,Other Financial Services,Equity
534755,,TRIOMERC,TRIO MERCANTILE & TRADING LTD.,Active,X ,10,INE234G01014,Other Financial Services,Equity
534804,,CARERATING,CARE Ratings Ltd,Active,A ,10,INE752H01013,Other Financial Services,Equity
535431,,GCMSECU,GCM Securities Ltd,Active,M ,1,INE168O01026,Other Financial Services,Equity
535916,,ALSL,Alacrity Securities Ltd,Active,M ,10,INE030P01017,Other Financial Services,Equity
535917,,GCMCOMM,GCM Commodity & Derivatives Ltd,Active,M ,10,INE200P01016,Other Financial Services,Equity
536738,,STELLAR,Stellar Capital Services Ltd,Active,M ,10,INE325P01011,Other Financial Services,Equity
536751,,FIVEXTRADE,Five X Tradecom Ltd,Active,XT,10,INE750L01019,Other Financial Services,Equity
536773,,JPOLYINVST,Jindal Poly Investment and Finance Company Ltd,Active,B ,10,INE147P01019,Other Financial Services,Equity
538319,,GCMCAPI,GCM Capital Advisors Ltd,Active,M ,10,INE191P01017,Other Financial Services,Equity
538395,,NAM,Nam Securities Ltd,Active,X ,10,INE792G01011,Other Financial Services,Equity
538433,,CCFCL,Classic Global Finance & Capital Ltd,Active,XT,1,INE854P01028,Other Financial Services,Equity
538446,,MONEYBOXX,Moneyboxx Finance Ltd,Active,T ,10,INE296Q01012,Other Financial Services,Equity
538607,,TOYAMIND,Toyam Industries Ltd,Active,X ,1,INE457P01020,Other Financial Services,Equity
538609,,GAJANANSEC,Gajanan Securities Services Ltd,Active,XT,10,INE868G01019,Other Financial Services,Equity
538611,,RTFL,Real Touch Finance Ltd,Active,X ,10,INE840I01014,Other Financial Services,Equity
538716,,ARYACAPM,Aryaman Capital Markets Ltd,Active,M ,10,INE229R01011,Other Financial Services,Equity
538862,,MYMONEY,My Money Securities Ltd,Active,XT,10,INE232L01018,Other Financial Services,Equity
538874,,NEXUSSURGL,Nexus Surgical And Medicare Ltd,Active,XT,10,INE370Q01015,Other Financial Services,Equity
538882,,EMERALD,Emerald Leasing Finance & Investment Company Ltd,Active,X ,10,INE030Q01015,Other Financial Services,Equity
538894,,OCTAL,Octal Credit Capital Ltd,Active,X ,10,INE513C01010,Other Financial Services,Equity
539026,,SSPNFIN,SSPN Finance Ltd,Active,M ,10,INE820R01017,Other Financial Services,Equity
539198,,CAPFIN,Capfin India Ltd,Active,XT,10,INE960C01013,Other Financial Services,Equity
539199,,MOONGIPASEC,Moongipa Securities Ltd,Active,XT,10,INE618R01015,Other Financial Services,Equity
539278,,SYMBIOX,Symbiox Investment & Trading Company Ltd,Active,X ,10,INE653R01012,Other Financial Services,Equity
539304,,CANOPYFIN,Canopy Finance Ltd,Active,XT,10,INE095R01016,Other Financial Services,Equity
539435,,RFSL,Richfield Financial Services Ltd,Active,X ,10,INE201C01012,Other Financial Services,Equity
539521,,NAVIGANT,Navigant Corporate Advisors Ltd,Active,M ,10,INE364T01012,Other Financial Services,Equity
539562,,AARNAV,Aarnav Fashions Ltd,Active,X ,10,INE750R01016,Other Financial Services,Equity
539593,,SHIVA,Shivansh Finserve Ltd,Active,X ,10,INE728Q01014,Other Financial Services,Equity
539596,,DELTA,Delta Industrial Resources Ltd,Active,X ,10,INE681Q01015,Other Financial Services,Equity
539637,,BVL,Blueblood Ventures Ltd,Active,M ,10,INE562S01013,Other Financial Services,Equity
539770,,DARJEELING,Darjeeling Ropeway Company Ltd,Active,XT,10,INE830S01014,Other Financial Services,Equity
539819,,MUDRA,Mudra Financial Services Ltd,Active,X ,10,INE967S01014,Other Financial Services,Equity
539895,,SAGL,Shalimar Agencies Ltd,Active,X ,10,INE631E01016,Other Financial Services,Equity
539938,,MIL,Medico Intercontinental Ltd,Active,XT,10,INE858Q01019,Other Financial Services,Equity
540024,,ASHARI,Ashari Agencies Ltd,Active,Z ,10,INE361S01010,Other Financial Services,Equity
540097,,VISCO,Visco Trade Associates Ltd,Active,X ,10,INE890S01018,Other Financial Services,Equity
540108,,TAHL,Tiaan Ayurvedic & Herbs Ltd,Active,X ,10,INE864T01011,Other Financial Services,Equity
540135,,ARCFIN,ARC Finance Ltd,Active,X ,10,INE202R01018,Other Financial Services,Equity
540175,,REGENCY,Regency Investments Ltd,Active,X ,10,INE964R01013,Other Financial Services,Equity
540192,,LKPSEC,LKP Securities Ltd,Active,X ,2,INE341H01023,Other Financial Services,Equity
540199,,CMBL,Corporate Merchant Bankers Ltd,Active,XT,10,INE850R01014,Other Financial Services,Equity
540253,,SNTCL,Shree Nidhi Trading Co. Ltd,Active,XT,10,INE066E01015,Other Financial Services,Equity
540268,,DHANVARSHA,Dhanvarsha Finvest Ltd,Active,X ,10,INE615R01011,Other Financial Services,Equity
540360,,LLFICL,Leading Leasing Finance And Investment Company Ltd,Active,X ,10,INE715Q01011,Other Financial Services,Equity
540385,,KDLL,KD Leisures Ltd,Active,XT,10,INE081R01016,Other Financial Services,Equity
540386,,ONTIC,Ontic Finserve Ltd,Active,XT,10,INE989S01034,Other Financial Services,Equity
540455,,ESCORP,Escorp Asset Management Ltd,Active,M ,10,INE953W01016,Other Financial Services,Equity
540481,,CLFL,Classic Leasing & Finance Ltd,Active,XT,10,INE949C01016,Other Financial Services,Equity
540515,,KANUNGO,Kanungo Financiers Ltd,Active,X ,10,INE453S01015,Other Financial Services,Equity
540725,,SISL,Share India Securities Ltd,Active,B ,10,INE932X01018,Other Financial Services,Equity
540776,,5PAISA,5paisa Capital Ltd,Active,B ,10,INE618L01018,Other Financial Services,Equity
541053,,EIS,East India Securities Ltd,Active,M ,10,INE482Z01019,Other Financial Services,Equity
541179,,ISEC,ICICI Securities Ltd,Active,A ,5,INE763G01038,Other Financial Services,Equity
542176,,ARYAN,Aryan Share and Stock Brokers Ltd,Active,XT,10,INE016X01010,Other Financial Services,Equity
542332,,HIKLASS,Hi-Klass Trading and Investment Ltd,Active,XT,10,INE302R01016,Other Financial Services,Equity
542376,,SPACAPS,SPA Capital Services Ltd,Active,XT,10,INE726X01014,Other Financial Services,Equity
542544,,JYOTIN,Jyot International Marketing Ltd,Active,XT,10,INE043R01016,Other Financial Services,Equity
542772,,IIFLWAM,IIFL Wealth Management Ltd,Active,B ,2,INE466L01020,Other Financial Services,Equity
542773,,IIFLSEC,IIFL Securities Ltd,Active,B ,2,INE489L01022,Other Financial Services,Equity
542802,,GALACTICO,Galactico Corporate Services Ltd,Active,M ,10,INE906Y01010,Other Financial Services,Equity
542866,,JSGLEASING,JSG Leasing Ltd,Active,XT,10,INE317W01014,Other Financial Services,Equity
543232,,CAMS,Computer Age Management Services Ltd,Active,B ,10,INE596I01012,Other Financial Services,Equity
543235,,ANGELBRKG,Angel Broking Ltd,Active,B ,10,INE732I01013,Other Financial Services,Equity
555555,,ICICISENSX,ICICI Prudential Sensex ETF,Active,B ,10,INF346A01034,Other Financial Services,Equity
590082,,LOHIASEC,LOHIA SECURITIES LTD.,Active,XT,10,INE803B01017,Other Financial Services,Equity
590095,,GOLDBEES,NIPPON INDIA ETF GOLD BEES,Active,E ,1,INF204KB17I5,Other Financial Services,Equity
590097,,KOTAKGOLD,KOTAK MAHINDRA MUTUAL FUND - KOTAK GOLD EXCHANGE TRADED FUND,Active,E ,10,INF373I01049,Other Financial Services,Equity
590098,,SBIGETS,SBI MUTUAL FUND - SBI GOLD EXCHANGE TRADED SCHEME - GROWTH OPTION,Active,E ,100,INF200K01099,Other Financial Services,Equity
590099,,QGOLDHALF,QUANTUM GOLD FUND - EXCHANGE TRADED FUND (ETF),Active,E ,100,INF082J01010,Other Financial Services,Equity
590101,,GOLDSHARE,UTI MUTUAL FUND - UTI GOLD EXCHANGE TRADED FUND,Active,E ,100,INF789F01059,Other Financial Services,Equity
590103,,NIFTYBEES,NIPPON INDIA ETF NIFTY BEES,Active,B ,1,INF204KB14I2,Other Financial Services,Equity
590104,,JUNIORBEES,NIPPON INDIA ETF JUNIOR BEES,Active,B ,1.25,INF732E01045,Other Financial Services,Equity
590106,,BANKBEES,NIPPON INDIA ETF BANK BEES,Active,B ,1,INF204KB15I9,Other Financial Services,Equity
590107,,KOTAKPSUBK,KOTAK MAHINDRA MUTUAL FUND - KOTAK PSU BANK ETF,Active,B ,10,INF373I01023,Other Financial Services,Equity
590108,,PSUBNKBEES,NIPPON INDIA ETF PSU BANK BEES,Active,B ,1,INF204KB16I7,Other Financial Services,Equity
590109,,SHARIABEES,NIPPON INDIA ETF SHARIAH BEES,Active,B ,10,INF732E01128,Other Financial Services,Equity
590110,,QNIFTY,QUANTUM MUTUAL FUND - QUANTUM INDEX FUND ETF,Active,B ,10,INF082J01028,Other Financial Services,Equity
590113,,HNGSNGBEES,NIPPON INDIA ETF HANG SENG BEES,Active,E ,1,INF204KB19I1,Other Financial Services,Equity
590115,,M50,Motilal Oswal MOSt Shares M50 ETF,Active,B ,7,INF247L01536,Other Financial Services,Equity
532624,,JINDALPHOT,JINDAL PHOTO LTD.,Active,B ,10,INE796G01012,Photographic Products,Equity
946058,,RELCAPITAL,RELCAPITAL-12.50%-08-01-10-PVT,Delisted,F ,1000000,INE013A07HB5, ,Debentures and Bonds
532368,,BCG,Brightcom Group Ltd,Active,B ,2,INE425B01027,IT Software Products,Equity
,,,,,,,,,
,,DELTACORP,,,,,,,
,,,,,,,,,
,,DBCORP,,,,,,,
,,RELINFRA,,,,,,,
,,RHFL,,,,,,,
,,RNAVAL,,,,,,,
,,RPOWER,,,,,,,
,,VIJIFIN,,,,,,,
